maroon,teal,gold,orange,green,yellow,red,blue,purple,pink,brown,indigo,cyan,magenta,lime,olive
3d printing,motivation,user innovation,crowdsourcing,appropriability regime,boundary management,case study,commercial diffusion,innovation ecosystem,complementary asset,creativity,differential game,direct and indirect effect,economics of i,employee user,framing
digital remixing,application market,articulation,attention,disruptive innovation,community,company,consumer innovation,smart home,intellectual property,embedded lead user,firm-sponsored online user innovation community,education,it policy and management,ethnography,grand challenge
innovation diffusion theory,business model,domestication,ideation,environmental turbulence,dilemma,comparative study,makerspace,system of use,machinima,idea quality,heterogeneous product user,gender,open source software,hiding practice,moral emotion
online community,release strategy,script,open innovation,functional novelty,firm-community collaboration,innovation management,community innovation,diffusion,market entry,internal lead user,incentive reward,personality,productivity of it,military,responsible innovation
online innovation community,smartphone operating system,use knowledge,openne,radical innovation,paradox,innovation policy,daily practice,professionalism,user entrepreneur,lead user,product improvement,survey datum,technology strategy,polouse,serendipity
remixing,compatibility,canon,social medium,,systems theory,marketing research,innovation behavior,service ecosystem,,meta-analysi,,,,,open social innovation
user-generated content,complementarity,critical management study,success bium,,tension,participatory design,russium,social network,,moderating effect,,,,,
and phrases: online user innovation community,open source,critical performativity,suggestion,,,user centred design,diffusion failure,sustainability,,innovation proce,,,,,
co-creation,value capture,critique,collaboration,,,user driven innovation,nurse innovation,user community,,key user,,,,,
employee innovativene,value creation,subversive functionalism,idea competition,,,user involvement,,reasoned action,,modularisation,,,,,
online ideation,netnography,creativity and ideation,new product development,,,do-it-yourself,,user innovator,,product architecture,,,,,
knowledge,,design cognition,r&amp;d,,,enabling technology,,,,project management,,,,,
sources of innovation,,exaptation,software development,,,product innovation,,,,software,,,,,
theory,,problem-solving,toolkit,,,social innovation,,,,online brand community,,,,,
,,discourse,corporate venture capital,,,,,,,video game industry,,,,,
,,open source software development,innovation,,,,,,,,,,,,
,,textuality,technology entrepreneurship,,,,,,,,,,,,
,,distributed innovation,customer integration,,,,,,,,,,,,
,,knowledge sharing,learning strategy,,,,,,,,,,,,
,,performance of oss project,improvisation,,,,,,,,,,,,
,,end user entrepreneur,knowledge acquisition,,,,,,,,,,,,
,,entrepreneurial consumer,knowledge utilization,,,,,,,,,,,,
,,entrepreneurship proce,user generated content,,,,,,,,,,,,
,,user entrepreneurship,,,,,,,,,,,,,
,,entrepreneurship,,,,,,,,,,,,,
,,evolutionary approach,,,,,,,,,,,,,
,,spinout,,,,,,,,,,,,,
,,strategy and firm performance,,,,,,,,,,,,,
,,facilitation,,,,,,,,,,,,,
,,healthcare,,,,,,,,,,,,,
,,organisational support mechanism,,,,,,,,,,,,,
,,public hospital,,,,,,,,,,,,,
,,interaction,,,,,,,,,,,,,
,,network,,,,,,,,,,,,,
,,product development,,,,,,,,,,,,,
,,lead user theory,,,,,,,,,,,,,
,,sme,,,,,,,,,,,,,
,,moderation,,,,,,,,,,,,,
,,organisational context,,,,,,,,,,,,,
,,radical innovation performance,,,,,,,,,,,,,
