maroon,teal,gold,orange,green,yellow,blue,red,brown,indigo,cyan,pink,purple
3d printing,user innovation,agent-based social simulation,and phrases: online user innovation community,attention,brand community,knowledge,community-based innovation,construal level theory,customer-active paradigm,differential game,direct and indirect effect,integrated model
digital remixing,articulation,community,co-creation,ideation,lead user,sources of innovation,consumer innovator,mobile data service,literature review,firm-sponsored online user innovation community,education,super-network
innovation diffusion theory,domestication,boundary management,crowdsourcing,open innovation,willingness to share,theory,user community,potential and actual user innovator,user toolkits for innovation,heterogeneous product user,gender,user innovation knowledge
motivation,script,dilemma,employee innovativenes,opennes,combinatory search,corporate entrepreneurship,crowdfunding,user innovation theory,,incentive reward,personality,
online community,use knowledge,firm-community collaboration,online ideation,social medium,implicit referral,corporate venture,crowdfunding platform,user service innovation,,product improvement,survey datum,
online innovation community,canon,paradox,customer integration,success bia,inexact referral,fuzzy front end,entrepreneurship,,,,,
remixing,critical management study,systems theory,customization toolkit,suggestion,intermediate referral,lead user theory,user entrepreneur,,,,,
user-generated content,critical performativity,tension,idea generation,digital innovation,network search,,human capital,,,,,
web 2.0,critique,clinician,leading edge statu,online user innovation community,pyramiding,,self-determination theory,,,,,
consumer innovation,subversive functionalism,healthcare,market performance,user contribution,rare research subject,,social capital,,,,,
diffusion of innovation,cocreation,innovation,new product development,user feedback,communication,,user entrepreneurship,,,,,
renewable energy,codestruction,innovation policy,personalization,distributed innovation,toolkit,,evolutionary approach,,,,,
netnography,creative consumer,makerspace,social networking service,knowledge sharing,cooperation,,spinout,,,,,
flow,video game,collaboration,user design,performance of oss project,front end,,strategy and firm performance,,,,,
,discourse,network,user-generated product,product development,user-manufacturer interaction,,knowledge-based view,,,,,
,open source software development,online,,user generated content (ugc),creativity,,patents and intellectual property right,,,,,
,textuality,user,,innovation rarenes,embedded lead user,,technology and innovation management,,,,,
,entry strategy,corporate venture capital,,user innovation community,idea quality,,reasoned action,,,,,
,nascent industry,technology entrepreneurship,,user innovation evaluation,internal lead user,,user innovator,,,,,
,pre-entry experience,facilitation,,interaction,knowledge structure,,second life,,,,,
,product portfolio,organisational support mechanism,,sticky information,online user innovation,,virtual world,,,,,
,firm-user collaboration,public hospital,,,supernetwork,,,,,,,
,innovation management,post-adoptive behavior,,,lead user method,,,,,,,
,innovation strategy,software engineer,,,lead user workshop,,,,,,,
,review,technology artifact,,,online brand community,,,,,,,
,front loading,,,,user involvement,,,,,,,
,open source,,,,video game industry,,,,,,,
,problem solving,,,,strategy,,,,,,,
,software development,,,,strategy evolution,,,,,,,
