maroon,teal,gold,orange,red,green,pink,indigo,yellow,blue,purple,brown
3d community,user innovation,application market,articulation,asymmetric equilibrium,attention,clinician,co-creation,community-based innovation,creativity,customer-perceived value,direct and indirect effect
3d printing,canon,business model,domestication,compatibility choice,ideation,healthcare,customization toolkit,consumer innovator,embedded lead user,opinion mining,education
collaboration,critical management study,motivation,script,network effect,openne,innovation,knowledge,user community,idea quality,structural equation model,gender
diffusion,critical performativity,release strategy,use knowledge,open innovation,social medium,innovation policy,leading edge statu,crowdfunding,internal lead user,technology assessment,personality
ideal type,critique,smartphone operating system,,open standard,success bium,makerspace,personalization,crowdfunding platform,lead user,technology strategy,survey datum
user entrepreneurship,subversive functionalism,,,open-source software,suggestion,do-it-yourself,social networking service,crowdsourcing,innovation diffusion proce,economics of i,
case study,copyright,,,openness choice,,enabling technology,sources of innovation,entrepreneurship,opinion leadership,it policy and management,
commercialization of user innovation,derivative work,,,spillover,,product innovation,theory,user entrepreneur,source of innovation,open source software,
vertical diversification,d≈çjinshi,,,consumer policy,,social innovation,,,lead user method,productivity of it,
,developing country,,,moab model,,facilitation,,,lead user workshop,,
,mobile banking service,,,sustainable innovation,,organisational support mechanism,,,online brand community,,
,technology diffusion,,,user,,public hospital,,,toolkit,,
,firm-user collaboration,,,end-user,,,,,user involvement,,
,innovation management,,,policy,,,,,video game industry,,
,innovation strategy,,,policymaker,,,,,,,
,review,,,,,,,,,,
,inefficiency,,,,,,,,,,
,product diversity,,,,,,,,,,
,social welfare,,,,,,,,,,
,interaction,,,,,,,,,,
,network,,,,,,,,,,
,product development,,,,,,,,,,
